City,Population,,Jan,,Feb,,Mar,,Apr,,May,,June,,July,,Aug,,Sept,,Oct,,Nov,,Dec,,Jan,,Total
Total,"328,200,000",19,5.78915E-05,16,4.87508E-05,7079,0.021569165,65167,0.198558806,38157,0.116261426,17902,0.054546009,30955,0.094317489,29685,0.090447898,18897,0.057577697,24045,0.073263254,50988,0.15535649,91211,0.277912858,63609,0.1938117,437730,1.333729433
